transcript_id	gene	tpm
ENST00000251642	DHX58	35.87
ENST00000272342	ETAA1	38.47
ENST00000287727	ZFYVE9	70.08
ENST00000298159	CFL2	16.65
ENST00000310018	ATP6V0A4	47.21
ENST00000316170	GCNT2	25.19
ENST00000328916	C1S	157.54
ENST00000366923	EPRS	76.64
ENST00000373024	INPP5B	36.85
ENST00000383811	CRELD1	29.9
ENST00000389902	RNF216	49.2
ENST00000901377	ATP6AP2	88.26
ENST00000921547	NUP205	42.37
ENST00000951335	CAPG	151.69
ENST00000996436	STX5	83.43
ENST00001029712	ADGRA3	20.67
ENST00001044055	NEK9	20.29
